{
    "$schema": "https://schema.management.azure.com/schemas/2015-01-01/deploymentParameters.json#",
    "contentVersion": "1.0.0.0",
    "parameters": {
        "factoryName": {
            "value": "adfadvwrks23"
        },
        "StorageDataLake_accountKey": {
            "value": ""
        },
        "AzureBlobStorage1_connectionString": {
            "value": ""
        },
        "StorageDataLake_properties_typeProperties_url": {
            "value": "https://storagedatalakeadvwrks23.dfs.core.windows.net/"
        },
        "GitHubLinkedService_properties_typeProperties_url": {
            "value": "https://raw.githubusercontent.com"
        },
        "containerUri": {
            "value": ""
        },
        "containerSasToken": {
            "value": ""
        }
    }
}